<?xml version="1.0" encoding="UTF-8"?>
<extentreports>
    <configuration>
        <!-- Report Theme: STANDARD, DARK -->
        <theme>DARK</theme>

        <!-- Document Encoding -->
        <encoding>UTF-8</encoding>

        <!-- Protocol for Script and Stylesheets: HTTP, HTTPS -->
        <protocol>HTTPS</protocol>

        <!-- Report Title -->
        <reportName>Bureau Comparison Automation Test Report</reportName>

        <!-- Report or Build Name -->
        <documentTitle>Bureau Comparison Test Execution Report</documentTitle>

        <!-- Timestamp Format -->
        <timeStampFormat>MMM dd, yyyy HH:mm:ss</timeStampFormat>

        <!-- CSS and JavaScript -->
        <css>
            <![CDATA[
                .test-view .test-info { font-size: 14px; }
                .category-view .category-name { font-weight: bold; }
            ]]>
        </css>

        <scripts>
            <![CDATA[
                // Custom JavaScript if needed
            ]]>
        </scripts>
    </configuration>
</extentreports>
