<?xml version="1.0" encoding="UTF-8"?>
<Configuration status="WARN" monitorInterval="30">
    <Properties>
        <Property name="LOG_PATTERN">%d{yyyy-MM-dd HH:mm:ss.SSS} [%t] %-5level %logger{36} - %msg%n</Property>
        <Property name="LOG_DIR">logs</Property>
        <Property name="APP_NAME">bureau-comparison-automation</Property>
    </Properties>

    <Appenders>
        <!-- Console Appender -->
        <Console name="Console" target="SYSTEM_OUT">
            <PatternLayout pattern="${LOG_PATTERN}"/>
            <ThresholdFilter level="INFO" onMatch="ACCEPT" onMismatch="DENY"/>
        </Console>

        <!-- File Appender - All Logs -->
        <RollingFile name="FileAppender"
                     fileName="${LOG_DIR}/${APP_NAME}.log"
                     filePattern="${LOG_DIR}/${APP_NAME}-%d{yyyy-MM-dd}-%i.log">
            <PatternLayout pattern="${LOG_PATTERN}"/>
            <Policies>
                <TimeBasedTriggeringPolicy interval="1" modulate="true"/>
                <SizeBasedTriggeringPolicy size="10MB"/>
            </Policies>
            <DefaultRolloverStrategy max="10"/>
        </RollingFile>

        <!-- File Appender - Debug Logs -->
        <RollingFile name="DebugFileAppender"
                     fileName="${LOG_DIR}/${APP_NAME}-debug.log"
                     filePattern="${LOG_DIR}/${APP_NAME}-debug-%d{yyyy-MM-dd}-%i.log">
            <PatternLayout pattern="${LOG_PATTERN}"/>
            <Filters>
                <ThresholdFilter level="DEBUG"/>
            </Filters>
            <Policies>
                <TimeBasedTriggeringPolicy interval="1" modulate="true"/>
                <SizeBasedTriggeringPolicy size="10MB"/>
            </Policies>
            <DefaultRolloverStrategy max="10"/>
        </RollingFile>

        <!-- File Appender - Error Logs -->
        <RollingFile name="ErrorFileAppender"
                     fileName="${LOG_DIR}/${APP_NAME}-error.log"
                     filePattern="${LOG_DIR}/${APP_NAME}-error-%d{yyyy-MM-dd}-%i.log">
            <PatternLayout pattern="${LOG_PATTERN}"/>
            <Filters>
                <ThresholdFilter level="ERROR" onMatch="ACCEPT" onMismatch="DENY"/>
            </Filters>
            <Policies>
                <TimeBasedTriggeringPolicy interval="1" modulate="true"/>
                <SizeBasedTriggeringPolicy size="10MB"/>
            </Policies>
            <DefaultRolloverStrategy max="10"/>
        </RollingFile>

        <!-- File Appender - Test Execution Logs -->
        <RollingFile name="TestExecutionAppender"
                     fileName="${LOG_DIR}/test-execution.log"
                     filePattern="${LOG_DIR}/test-execution-%d{yyyy-MM-dd}-%i.log">
            <PatternLayout pattern="${LOG_PATTERN}"/>
            <Policies>
                <TimeBasedTriggeringPolicy interval="1" modulate="true"/>
                <SizeBasedTriggeringPolicy size="10MB"/>
            </Policies>
            <DefaultRolloverStrategy max="5"/>
        </RollingFile>
    </Appenders>

    <Loggers>
        <!-- Root Logger -->
        <Root level="INFO">
            <AppenderRef ref="Console"/>
            <AppenderRef ref="FileAppender"/>
            <AppenderRef ref="DebugFileAppender"/>
            <AppenderRef ref="ErrorFileAppender"/>
        </Root>

        <!-- Application Package Loggers -->
        <Logger name="com.harsha.automation" level="DEBUG" additivity="false">
            <AppenderRef ref="Console"/>
            <AppenderRef ref="FileAppender"/>
            <AppenderRef ref="DebugFileAppender"/>
            <AppenderRef ref="ErrorFileAppender"/>
            <AppenderRef ref="TestExecutionAppender"/>
        </Logger>

        <!-- Test Execution Logger -->
        <Logger name="com.harsha.automation.tests" level="INFO" additivity="false">
            <AppenderRef ref="Console"/>
            <AppenderRef ref="TestExecutionAppender"/>
            <AppenderRef ref="ErrorFileAppender"/>
        </Logger>

        <!-- Selenium WebDriver Logs - Reduced verbosity -->
        <Logger name="org.openqa.selenium" level="WARN" additivity="false">
            <AppenderRef ref="FileAppender"/>
        </Logger>

        <!-- WebDriverManager Logs -->
        <Logger name="io.github.bonigarcia" level="INFO" additivity="false">
            <AppenderRef ref="FileAppender"/>
        </Logger>

        <!-- Apache POI Logs -->
        <Logger name="org.apache.poi" level="WARN" additivity="false">
            <AppenderRef ref="FileAppender"/>
        </Logger>

        <!-- TestNG Logs -->
        <Logger name="org.testng" level="INFO" additivity="false">
            <AppenderRef ref="TestExecutionAppender"/>
        </Logger>

        <!-- Cucumber Logs -->
        <Logger name="io.cucumber" level="INFO" additivity="false">
            <AppenderRef ref="TestExecutionAppender"/>
        </Logger>
    </Loggers>
</Configuration>
