<?xml version="1.0" encoding="UTF-8"?>
<configuration>
    <include resource="org/springframework/boot/logging/logback/defaults.xml"/>
    <include resource="org/springframework/boot/logging/logback/console-appender.xml"/>

    <property name="LOG_FILE" value="${LOG_FILE:-${LOG_PATH:-${LOG_TEMP:-${java.io.tmpdir:-/tmp}}/}bureau-comparison.log}"/>
    <property name="LOG_PATTERN" value="%d{yyyy-MM-dd HH:mm:ss.SSS} [%thread] %-5level %logger{36} - [%X{appId}] [%X{category}] - %msg%n"/>

    <!-- Console Appender with Color -->
    <appender name="CONSOLE" class="ch.qos.logback.core.ConsoleAppender">
        <encoder>
            <pattern>%clr(%d{yyyy-MM-dd HH:mm:ss.SSS}){faint} %clr([%thread]){magenta} %clr(%-5level){highlight} %clr(%logger{36}){cyan} %clr(-){faint} %clr([%X{appId}]){blue} %clr([%X{category}]){yellow} %clr(-){faint} %msg%n</pattern>
            <charset>UTF-8</charset>
        </encoder>
    </appender>

    <!-- File Appender -->
    <appender name="FILE" class="ch.qos.logback.core.rolling.RollingFileAppender">
        <file>${LOG_FILE}</file>
        <encoder>
            <pattern>${LOG_PATTERN}</pattern>
            <charset>UTF-8</charset>
        </encoder>
        <rollingPolicy class="ch.qos.logback.core.rolling.SizeAndTimeBasedRollingPolicy">
            <fileNamePattern>${LOG_FILE}.%d{yyyy-MM-dd}.%i.gz</fileNamePattern>
            <maxFileSize>100MB</maxFileSize>
            <maxHistory>30</maxHistory>
            <totalSizeCap>1GB</totalSizeCap>
        </rollingPolicy>
    </appender>

    <!-- JSON Appender for Structured Logging (Optional) -->
    <appender name="JSON_FILE" class="ch.qos.logback.core.rolling.RollingFileAppender">
        <file>${LOG_FILE}.json</file>
        <encoder class="net.logstash.logback.encoder.LogstashEncoder">
            <includeMdcKeyName>appId</includeMdcKeyName>
            <includeMdcKeyName>category</includeMdcKeyName>
            <includeMdcKeyName>processingStage</includeMdcKeyName>
            <includeMdcKeyName>duration</includeMdcKeyName>
        </encoder>
        <rollingPolicy class="ch.qos.logback.core.rolling.SizeAndTimeBasedRollingPolicy">
            <fileNamePattern>${LOG_FILE}.json.%d{yyyy-MM-dd}.%i.gz</fileNamePattern>
            <maxFileSize>100MB</maxFileSize>
            <maxHistory>30</maxHistory>
            <totalSizeCap>1GB</totalSizeCap>
        </rollingPolicy>
    </appender>

    <!-- Async Appender for Performance -->
    <appender name="ASYNC_FILE" class="ch.qos.logback.classic.AsyncAppender">
        <appender-ref ref="FILE"/>
        <queueSize>512</queueSize>
        <discardingThreshold>0</discardingThreshold>
        <includeCallerData>false</includeCallerData>
    </appender>

    <!-- Logger for Bureau Comparison Application -->
    <logger name="com.bureau.comparison" level="DEBUG" additivity="false">
        <appender-ref ref="CONSOLE"/>
        <appender-ref ref="ASYNC_FILE"/>
        <appender-ref ref="JSON_FILE"/>
    </logger>

    <!-- Selenium Loggers (Reduce Verbosity) -->
    <logger name="org.selenium" level="WARN"/>
    <logger name="org.openqa.selenium" level="WARN"/>
    <logger name="io.github.bonigarcia" level="INFO"/>

    <!-- Apache HTTP Client (Reduce Verbosity) -->
    <logger name="org.apache.http" level="WARN"/>
    <logger name="org.apache.http.wire" level="ERROR"/>

    <!-- Spring Framework -->
    <logger name="org.springframework" level="INFO"/>
    <logger name="org.springframework.boot" level="INFO"/>

    <!-- Reactor -->
    <logger name="reactor.core" level="INFO"/>
    <logger name="reactor.netty" level="WARN"/>

    <!-- Root Logger -->
    <root level="INFO">
        <appender-ref ref="CONSOLE"/>
        <appender-ref ref="ASYNC_FILE"/>
    </root>

    <!-- Development Profile -->
    <springProfile name="dev">
        <logger name="com.bureau.comparison" level="DEBUG"/>
        <root level="DEBUG"/>
    </springProfile>

    <!-- Production Profile -->
    <springProfile name="prod">
        <logger name="com.bureau.comparison" level="INFO"/>
        <root level="WARN"/>
    </springProfile>
</configuration>
